{
  "min": -50,
  "max": 30,
  "atZero": 0.900219,
  "values": [
    0.129170, 0.141658, 0.154265, 0.166992, 0.179839,
    0.192806, 0.205892, 0.219098, 0.232423, 0.245869,
    0.259434, 0.273119, 0.286924, 0.300848, 0.314892,
    0.329056, 0.343339, 0.357743, 0.372266, 0.386908,
    0.401671, 0.416553, 0.431555, 0.446677, 0.461918,
    0.477279, 0.492760, 0.508361, 0.524081, 0.539921,
    0.555881, 0.571960, 0.588159, 0.604478, 0.620917,
    0.637475, 0.654153, 0.670951, 0.687869, 0.704906,
    0.722063, 0.739340, 0.756737, 0.774253, 0.791889,
    0.809644, 0.827520, 0.845515, 0.863630, 0.881864,
    0.900219,
    0.902514, 0.904799, 0.907072, 0.909334, 0.911585,
    0.913826, 0.916055, 0.918274, 0.920481, 0.922678,
    0.924863, 0.927038, 0.929202, 0.931354, 0.933496,
    0.935627, 0.937747, 0.939856, 0.941954, 0.944041,
    0.946117, 0.948182, 0.950236, 0.952279, 0.954312,
    0.956333, 0.958343, 0.960343, 0.962331, 0.964309
  ]
}
